"","FILENAME"
"1","1H4.xml"
"2","1H6.xml"
"3","2H4.xml"
"4","2H6.xml"
"5","3H6.xml"
"6","Ado.xml"
"7","Ant.xml"
"8","AWW.xml"
"9","AYL.xml"
"10","Cor.xml"
"11","Cym.xml"
"12","Err.xml"
"13","H5.xml"
"14","H8.xml"
"15","Ham.xml"
"16","JC.xml"
"17","Jn.xml"
"18","LLL.xml"
"19","Lr.xml"
"20","Luc.xml"
"21","Mac.xml"
"22","MM.xml"
"23","MND.xml"
"24","MV.xml"
"25","Oth.xml"
"26","Per.xml"
"27","PhT.xml"
"28","R2.xml"
"29","R3.xml"
"30","Rom.xml"
"31","Shr.xml"
"32","Son.xml"
"33","TGV.xml"
"34","Tim.xml"
"35","Tit.xml"
"36","Tmp.xml"
"37","TN.xml"
"38","TNK.xml"
"39","Tro.xml"
"40","Ven.xml"
"41","Wiv.xml"
"42","WT.xml"
