"TCP","EEBO","VID","STC","Status","Author","Date","Title","Terms","Pages"
"A23700",12987296,"96236","Wing A110; ESTC R6271","Free","Dryden, John, 1631-1700. Absalom and Achitophel.","1682","Absolon's IX worthies, or, A key to a late book or poem, entituled A.B. & A.C.","Broadsides -- England -- 17th century.",2
"A25723",12647861,"65196","Wing A3579; ESTC R13368","Free","Appianus, of Alexandria.; Davies, John, 1625-1693.; Dryden, John, 1631-1700.","1679","The history of Appian of Alexandria in two parts : the first consisting of the Punick, Syrian, Parthian, Mithridatick, Illyrian, Spanish, & Hannibalick wars, the second containing five books of the civil wars of Rome / made English by J.D.; Historia Romana. English","Rome -- History.",549
"A26387",11675009,"48085","Wing A544A; ESTC R10420","Free","Shadwell, Thomas, 1642?-1692.; Dryden, John, 1631-1700.","1689","The address of John Dryden, laureat to His Highness, the Prince of Orange","",10
"A27331",14397740,"102299","Wing B1774; ESTC R34404","Free","Behn, Aphra, 1640-1689.; Dryden, John, 1631-1700.","1690","The widdow Ranter, or, The history of Bacon in Virginia a tragi-comedy, acted by Their Majesties servants / written by Mrs. A. Behn.","",66
"A27733",99828092,"32519","Wing D2332; ESTC R216360","Free","Dryden, John, 1631-1700.; Behn, Aphra, 1640-1689. aut","1689","The prologue and epilogue to the History of Bacon in Virginia. Written by Mr. Dryden; Widdow ranter.","",5
"A28445",12185468,"55762","Wing B3314; ESTC R2743","Free","Blount, Charles, 1654-1693.; Dryden, John, 1631-1700. Religio laici.; Herbert of Cherbury, Edward Herbert, Baron, 1583-1648. De religione laici.","1683","Religio laici written in a letter to John Dryden, Esq.","",118
"A28571",11791811,"49232","Wing B3464; ESTC R3959","Free","Boileau Despréaux, Nicolas, 1636-1711.; Soames, William, Sir.; Dryden, John, 1631-1700.","1683","The art of poetry written in French by the Sieur de Boileau ; made English.; Art poétique. English","Poetry.",70
"A28873",11721915,"48349","Wing B3825; ESTC R15455","Free","Bouhours, Dominique, 1628-1702.; Dryden, John, 1631-1700.","1688","The life of St. Francis Xavier, of the Society of Jesus, apostle of the Indies, and of Japan written in French by Father Dominick Bohours, of the same Society ; translated into English by Mr. Dryden.; Vie de Saint François Xavier de la Campagnie de Jesus, apostre des Indes et du Japon. English","Francis Xavier, -- Saint, 1506-1552.",791
"A29640",12015140,"52510","Wing B4876; ESTC R2243","Free","Brome, Richard, d. 1652?; Dryden, John, 1631-1700.","1649","Lachrymæ musarum The tears of the muses : exprest in elegies / written by divers persons of nobility and worth upon the death of the most hopefull, Henry Lord Hastings ... ; collected and set forth by R.B.","Huntingdon, Henry Hastings, -- Earl of, 1586-1643 -- Poetry.; Elegiac poetry, English.",101
"A30847",11908573,"50769","Wing B663; ESTC R10948","Free","Banks, John, d. 1706.; Dryden, John, 1631-1700.","1682","The unhappy favourite, or, The Earl of Essex a tragedy : acted at the Theatre Royal by Their Majesty's servants / written by John Bankes.","Essex, Robert Devereux, -- Earl of, 1566-1601 -- Drama.",86
"A33517",13211840,"98509","Wing C4772; ESTC R5662","Free","Cobb, Samuel, 1675-1713.; Dryden, John, 1631-1700.","1694","A Pindarique ode, humbly offer'd to the ever-blessed memory of our late Gracious Sovereign Lady, Queen Mary written by J.D., Gent.","",14
"A33689",10629477,"45449","Wing C498; ESTC R4318","Free","Cardonnel, P. de (Pierre), d. 1667.; Waller, Edmund, 1606-1687. Poem on St. James's Park. French & English.; Dryden, John, 1631-1700. To His Sacred Majesty, a panegyrick on his coronation.","1662","Complementum fortunatarum insularum, p. II, Sive, Galathea vaticinans being part of an epithalamium upon the auspicious match of the most puissant and most serene Charles II and the most illustrious Catharina Infanta of Portugal : with a description of the fortunate islands / written originally in French by P.D.C. Gent. and since translated by him into Latin and English ; with the translations also of The description of S. James's Park, and the late fight at S. Lucar by Mr. Ed. Waller ; The panegyrick of Charles II by Mr. Dreyden ; and other peeces relating to the present times.","Charles -- II, -- King of England, 1630-1685 -- Poetry.",120
"A33965",12331619,"59694","Wing C532; ESTC R11698","Free","Care, Henry, 1646-1688.; Dryden, John, 1631-1700. Absalom and Achitophel.","1681","Towser the Second, a bull-dog, or, A short reply to Absalon and Achitophel","Broadsides -- England -- 17th century.",4
"A35671",12320804,"59473","Wing D1033; ESTC R6297","Free","Dennis, John, 1657-1734.; Dryden, John, 1631-1700.; Wycherley, William, 1640-1716.; Congreve, William, 1670-1729.; Voiture, Monsieur de (Vincent), 1597-1648.","1696","Letters upon several occasions written by and between Mr. Dryden, Mr. Wycherly, Mr. ----, Mr. Congreve, and Mr. Dennis, published by Mr. Dennis with a new translation of select letters of Monsieur Voiture.","Letter writing -- Early works to 1800.",226
"A36581",12265140,"58013","Wing D2214; ESTC R1552","Free","Dryden, John, 1631-1700.","1681","Absalom and Achitophel a poem.; Absalom and Achitophel","Shaftesbury, Anthony Ashley Cooper, -- Earl of, 1621-1683 -- Poetry.; Monmouth, James Scott, -- Duke of, 1649-1685 -- Poetry.; Great Britain -- History -- Charles II, 1660-1685 -- Poetry.",34
"A36588",12352439,"60035","Wing D2224; ESTC R19757","Free","Dryden, John, 1631-1700.; Grabu, Louis, d. 1694.","1685","Albion and Albanius an opera ... / written by Mr. Dryden.","Operas -- Librettos.",41
"A36590",11759612,"48640","Wing D2228; ESTC R19155","Free","Dryden, John, 1631-1700.; Clarke, Jeremiah, 1669?-1707. Alexander's feast.","1697","Alexander's feast, or The power of musique an ode, in honour of St. Cecilia's day / by Mr. Dryden.","Saint Cecilia's Day -- Songs and music.",13
"A36592",12818242,"94178","Wing D2230; ESTC R8598","Free","Dryden, John, 1631-1700.; Shakespeare, William, 1564-1616. Antony and Cleopatra.","1692","All for love, or, The world well lost a tragedy, as it is acted at the Theatre-Royal, and written in imitation of Shakespeare's stile / written by Mr. Dryden.","Cleopatra, -- Queen of Egypt, d. 30 B.C. -- Drama.",88
"A36594",11759620,"48641","Wing D2232; ESTC R19156","Free","Dryden, John, 1631-1700.","1673","Amboyna, a tragedy as it is acted at the Theatre-Royal / written by John Dryden.","",79
"A36595",12964192,"96109","Wing D2235; Wing D2366_PARTIAL; ESTC R3605","Free","Dryden, John, 1631-1700.; Plautus, Titus Maccius. Amphitruo.; Molière, 1622-1673. Amphitryon.; Purcell, Henry, 1659-1695. Amphitryon.","1691","Amphitryon, or, The two Sosia's a comedy, as it is acted at the Theatre Royal / written by Mr. Dryden ; to which is added the musick of the songs, compos'd by Mr. Henry Purcel.","",84
"A36597",12125841,"54593","Wing D2237; ESTC R22916","Free","Dryden, John, 1631-1700.","1694","The Annual miscellany, for the year 1694 being the fourth part of Miscellany poems : containing great variety of new translations and original copies / by the most eminent hands.","Classical poetry -- Translations into English.; English poetry -- Translations from classical literature.; English poetry -- 17th century.",352
"A36598",12650132,"65260","Wing D2238; ESTC R14738","Free","Dryden, John, 1631-1700.","1667","Annus mirabilis, The year of wonders, 1666 an historical poem containing the progress and various successes of our naval war with Holland, under the conduct of His Highness Prince Rupert, and His Grace the Duke of Albemarl : and describing the fire of London / by John Dryden, Esq.","Great Britain -- History -- Charles II, 1660-1685 -- Poetry.; London (England) -- Fire, 1666 -- Poetry.",102
"A36600",11765803,"48731","Wing D2241; ESTC R19769","Free","Dryden, John, 1631-1700.","1673","The assignation, or, Love in a nunnery as it is acted, at the Theatre-Royal / written by John Dryden.","",89
"A36602",11765809,"48733","Wing D2245; ESTC R19798","Free","Dryden, John, 1631-1700.","1676","Aureng-Zebe, a tragedy acted at the Royal Theatre / written by John Dryden.","",101
"A36608",11765814,"48735","Wing D2251; ESTC R19800","Free","Dryden, John, 1631-1700.","1688","Britannia rediviva, a poem on the birth of the prince","James, -- Prince of Wales, 1688-1766 -- Poetry.",17
"A36609",11765821,"48736","Wing D2254; ESTC R19821","Free","Dryden, John, 1631-1700.; Southerne, Thomas, 1660-1746.; Plutarch. Kleomenēs. English.; Creech, Thomas, 1659-1700.","1692","Cleomenes, the Spartan heroe a tragedy, as it is acted at the Theatre Royal / written by Mr. Dryden ; to which is prefixt The life of Cleomenes.","Cleomenes -- III, -- King of Sparta, d. 219 B.C. -- Drama.",117
"A36610",12265150,"58014","Wing D2256; ESTC R1594","Free","Dryden, John, 1631-1700.","1672","The conquest of Granada by the Spaniards in two parts : acted at the Theatre Royall / written by John Dryden ...; Conquest of Granada by the Spaniards","Granada (Kingdom) -- History -- Spanish Conquest, 1476-1492 -- Drama.",208
"A36614",12123886,"54485","Wing D2261; ESTC R22072","Free","Dryden, John, 1631-1700.","1686","A defence of the papers written by the late king of blessed memory, and Duchess of York, against the answer made to them","Charles -- II, -- King of England, 1630-1685. -- Copies of two papers.; Stillingfleet, Edward, 1635-1699. -- Answer to some papers lately printed.; Catholic Church -- Controversial literature.",138
"A36616",12331610,"59693","Wing D2264; ESTC R11658","Free","Dryden, John, 1631-1700.; Lee, Nathaniel, 1653?-1692.","1683","The Duke of Guise a tragedy : acted by Their Majesties servants / written by Mr. Dryden and Mr. Lee.","Guise, Henri, -- duc de, 1550-1588 -- Drama.",96
"A36619",14924706,"102958","Wing D2269; ESTC R13600","Free","Dryden, John, 1631-1700.","1682","An elegy on the usurper O. C. by the author of Absalom and Achitophel ; published to shew the loyalty and integrity of the poet.; Poem upon the death of his late Highness Oliver, Lord Protector of England, Scotland, and Ireland","Cromwell, Oliver, 1599-1658 -- Poetry.",10
"A36620",12265160,"58015","Wing D2270; ESTC R1595","Free","Dryden, John, 1631-1700.","1692","Eleonora a panegyrical poem dedicated to the memory of the late Countess of Abingdon / written by Mr. Dryden.","Abingdon, Eleanor Bertie, -- Countess of, -- Poetry.",33
"A36621",17015488,"105792","Wing D2272; ESTC R37775","Free","Dryden, John, 1631-1700.","1687","The epilogue writ by Mr. Dreyden ; spoke before His Majesty at Oxford, March 19, 1680.","",1
"A36622",11768833,"48803","Wing D2273; ESTC R20110","Free","Dryden, John, 1631-1700.; Corneille, Thomas, 1625-1709. Feint astrologue.; Molière, 1622-1673. Dépit amoureux.; Calderón de la Barca, Pedro, 1600-1681. Astrologo fingido.","1671","An evening's love, or, The mock-astrologer acted at the Theatre-Royal, by His Majesties servants / written by John Dryden.","",114
"A36624",11774805,"48936","Wing D2277; ESTC R122","Free","Dryden, John, 1631-1700.; Fracastoro, Girolamo, 1478-1553. Syphilis.; Tate, Nahum, 1652-1715.","1693","Examen poeticum being the third part of miscellany poems containing variety of new translations of the ancient poets, together with many original copies by the most eminent hands.","Syphilis -- Early works to 1800.",614
"A36625",12289966,"58868","Wing D2278; ESTC R31983","Free","Dryden, John, 1631-1700.; Ovid, 43 B.C.-17 or 18 A.D.; Chaucer, Geoffrey, d. 1400.; Boccaccio, Giovanni, 1313-1375.; Homer.","1700","Fables ancient and modern translated into verse from Homer, Ovid, Boccace, & Chaucer, with orginal poems, by Mr. Dryden.","",604
"A36627",11774816,"48937","Wing D2281; ESTC R179","Free","Dryden, John, 1631-1700.","1687","The hind and the panther a poem, in three parts.","",154
"A36630",11774826,"48938","Wing D2286; ESTC R180","Free","Dryden, John, 1631-1700.","1681","His Majesties declaration defended in a letter to a friend being an answer to a seditious pamphlet, called A letter from a person of quality to his friend : concerning the kings late declaration touching the reasons which moved him to dissolve the two last parliaments at Westminster and Oxford.","England and Wales. -- Sovereign (1660-1685 : Charles II). -- His Majesties declaration to all his loving subjects.; Great Britain -- Politics and government -- 1660-1688.",20
"A36631",11778137,"48954","Wing D2288; ESTC R404","Free","Dryden, John, 1631-1700.; Howard, Robert, Sir, 1626-1698. Indian queen.","1667","The Indian emperour, or, The conquest of Mexico by the Spaniards being the sequel of The Indian queen / by John Dryden.","Montezuma -- II, -- Emperor of Mexico, ca. 1480-1520 -- Drama.",79
"A36640",12875879,"94841","Wing D2301; ESTC R215633","Free","Dryden, John, 1631-1700.","1683","Love and jealousie, or, A song in The Duke of Guies [sic]","Songs, English -- England.; Broadsides -- England -- 17th century.",1
"A36641",11774834,"48939","Wing D2302; ESTC R181","Free","Dryden, John, 1631-1700.","1694","Love triumphant, or, Nature will prevail a tragi-comedy as it is acted at the Theatre-Royal by Their Majesties servants / written by Mr. Dryden.","",99
"A36643",13429983,"99523","Wing D2304; ESTC R1438","Free","Dryden, John, 1631-1700.","1692","MacFlecknoe","Shadwell, Thomas, 1642?-1692 -- In literature.",10
"A36644",12331555,"59691","Wing D2305; ESTC R11613","Free","Dryden, John, 1631-1700.; J. D. (John Dover), 1644?-1725.","1674","The Mall, or, The modish lovers a comedy : acted by His Majesties servants.","",80
"A36645",12131651,"54741","Wing D2306; ESTC R3349","Free","Dryden, John, 1631-1700.","1673","Marriage a-la-mode a comedy, as it is acted at the Theatre-Royal / written by John Dryden ...","",102
"A36648",9808350,"44131","Wing D2312; ESTC R27309","Free","Dryden, John, 1631-1700.","1682","The medall a satyre against sedition / by the authour of Absalom and Achitophel.","Shaftesbury, Anthony Ashley Cooper, -- Earl of, 1621-1683 -- Anecdotes",22
"A36650",12126366,"54612","Wing D2314; ESTC R297","Free","Virgil. Bucolica. English.; Dryden, John, 1631-1700.; Dryden, John, 1631-1700. Absalom and Achitophel.; Dryden, John, 1631-1700. Medall.; Dryden, John, 1631-1700. MacFlecknoe.","1684","Miscellany poems containing a new translation of Virgills eclogues, Ovid's love elegies, odes of Horace, and other authors : with several original poems / by the most eminent hands.","Classical poetry -- Translations into English.; English poetry -- Translations from Greek.; English poetry -- Translations from Latin.; English poetry -- Early modern, 1500-1700.",436
"A36653",12396194,"61176","Wing D2318; ESTC R18617","Free","Dryden, John, 1631-1700.","1675","The mistaken husband a comedie, as it is acted by His Majesties servants at the Theatre-Royall / by a person of quality.","English drama (Comedy); English drama -- Restoration, 1660-1700.",79
"A36655",12126482,"54618","Wing D2320; ESTC R414","Free","Dryden, John, 1631-1700.; Shadwell, Thomas, 1642?-1692.; Crown, Mr. (John), 1640?-1712.","1674","Notes and observations on The empress of Morocco, or, Some few errata's to be printed instead of the sculptures with the second edition of that play","Settle, Elkanah, 1648-1724. -- Empress of Morocco.",90
"A36656",12796624,"93984","Wing D2321; ESTC R228294","Free","Blow, John, d. 1708.; Dryden, John, 1631-1700.","1696","An ode on the death of Mr. Henry Purcell ... the words by Mr. Dryden ; and sett to musick by Dr. Blow.; Ode on the death of Mr. Henry Purcell","Purcell, Henry, 1659-1695 -- Songs and music.; Vocal duets with instrumental ensemble -- Scores.",34
"A36657",12123795,"54480","Wing D2322; ESTC R22022","Free","Dryden, John, 1631-1700.; Sophocles. Oedipus Rex.; Lee, Nathaniel, 1653?-1692.","1679","Oedipus a tragedy, as it is acted at His Royal Highness, the Duke's Theatre / the authors, Mr. Dryden and Mr. Lee.","",90
"A36661",11774848,"48941","Wing D2327; ESTC R233","Free","Dryden, John, 1631-1700.","1668","Of dramatick poesie, an essay by John Dryden.; Of dramatick poesie","Drama -- Technique.",81
"A36664",12265168,"58017","Wing D2330; ESTC R1635","Free","Dryden, John, 1631-1700.","1659","A poem upon the death of His late Highness, Oliver, Lord Protector of England, Scotland & Ireland written by Mr. Dryden.","Cromwell, Oliver, 1599-1658 -- Poetry.",14
"A36665",12208212,"56211","Wing D2334; ESTC R15021","Free","Dryden, John, 1631-1700.; Southerne, Thomas, 1660-1746. Disappointment.; Stafford-Howard, John, d. 1714.","1684","Prologue to a new play call'd The disappointment, or, The mother in fashion spoken by Mr. Betterton.","Broadsides -- England -- 17th century.",2
"A36666",11209483,"48942","Wing D2336; ESTC R234","Free","Dryden, John, 1631-1700.","1682","Prologue to His Royal Highess upon his first appearance at the Duke's Theatre since his return from Scotland written by Mr. Dryden, spoken by Mr. Smith.","Broadsides -- England -- 17th century.",1
"A36667",11774711,"48930","Wing D2337; ESTC R39","Free","Dryden, John, 1631-1700.","1682","Prologue to the Duchess, on her return from Scotland written by Mr. Dryden.","Mary, -- of Modena, Queen, consort of James II, King of England, 1658-1718.; Broadsides -- England -- London -- 17th century",3
"A36668",12277141,"58487","Wing D2338; ESTC R10910","Free","Dryden, John, 1631-1700.","1683","Prologue, to the Duke of Guise written by Mr. Dryden ; spoken by Mr. Smith.; Duke of Guise. Prologue","",4
"A36669",15537908,"103628","Wing D2339; ESTC R35665","Free","Dryden, John, 1631-1700.","1683","Prologue to the King and Queen at the opening of their theatre spoken by Mr. Batterton ; written by Mr. Dryden.","",4
"A36671",12111394,"54208","Wing D2340; ESTC R18396","Free","Dryden, John, 1631-1700.","1687","Prologue to the opera by Mr. Dryden.; Albion and Albanius. Prologue","Broadsides -- England -- 17th century.",4
"A36672",11778073,"48953","Wing D2341; ESTC R403","Free","Dryden, John, 1631-1700.; Southerne, Thomas, 1660-1746. Loyal brother.","1682","A prologue written by Mr. Dryden, to a new play, call'd, The loyal brother","Broadsides -- England -- London -- 17th century",4
"A36673",11774719,"48931","Wing D2342; ESTC R71","Free","Dryden, John, 1631-1700.","1682","Religio laici, or, A laymans faith a poem.","",45
"A36680",11774743,"48933","Wing D2350; ESTC R73","Free","Tate, Nahum, 1652-1715.; Dryden, John, 1631-1700.","1682","The second part of Absalom and Achitophel a poem.","",36
"A36681",11774749,"48934","Wing D2353; ESTC R120","Free","Dryden, John, 1631-1700.","1668","Secret-love, or, The maiden-queen as it is acted by His Majesties servants, at the Theater-Royal / written by John Dryden.","",82
"A36685",12814087,"94120","Wing D2359; ESTC R7467","Free","Dryden, John, 1631-1700.; Molière, 1622-1673. Etourdi.; Newcastle, William Cavendish, Duke of, 1592-1676.; Quinault, Philippe, 1635-1688. Amant indiscret.","1668","Sr Martin Mar-all, or, The feign'd innocence a comedy, as it was acted at His Highnesse the Duke of York's Theatre.","",78
"A36691",99827334,"31752","Wing D2367; ESTC R215472","Free","Dryden, John, 1631-1700.; Purcell, Henry, 1659-1695.","1695","The songs in the Indian Queen as it is now compos'd into an opera. By Mr. Henry Purcell, composer in ordinary to his Majesty. And one of the organists of his Majesty's Chapel-Royal.; Indian Queen. selections.","",17
"A36692",12331510,"59689","Wing D2368; ESTC R11507","Free","Dryden, John, 1631-1700.","1681","The Spanish fryar, or, The double discovery acted at the Duke's Theatre / written by John Dryden ...","",120
"A36695",11742280,"48505","Wing D2372; ESTC R4242","Free","Dryden, John, 1631-1700.; Milton, John, 1608-1674. Paradise lost.","1677","The state of innocence and fall of man an opera, written in heroique verse and dedicated to her Royal Highness, the Dutchess / by John Dryden ...","Fall of man.; Operas -- Librettos -- Early works to 1800.",70
"A36697",12265194,"58020","Wing D2379; ESTC R1682","Free","Dryden, John, 1631-1700.","1685","Sylvæ, or, The second part of Poetical miscellanies","Classical poetry -- Translations into English.; English poetry -- Translations from Greek.; English poetry -- Translations from Latin.; English poetry -- 17th century.",350
"A36701",11906206,"50677","Wing D2382; ESTC R9114","Free","Dryden, John, 1631-1700.; Sprat, Thomas, 1635-1713.; Waller, Edmund, 1606-1687.","1682","Three poems upon the death of the late usurper Oliver Cromwel written by Mr. Jo. Drydon, Mr. Sprat of Oxford, Mr. Edm. Waller.","Cromwell, Oliver, 1599-1658 -- Poetry.; Cromwell, Oliver, 1599-1658 -- Death and burial -- Poetry.",29
"A36702",11774760,"48935","Wing D2383; ESTC R121","Free","Dryden, John, 1631-1700.","1685","Threnodia augustalis a funeral-pindarique sacred to the happy memory of King Charles II / by John Dryden.","Charles -- II, -- King of England, 1630-1685 -- Poetry.",28
"A36703",17015597,"105794","Wing D2387; ESTC R37777","Free","Dryden, John, 1631-1700.","1662","To my Lord Chancellor presented on New-years-day by J. Driden.","Great Britain -- History -- Charles II, 1660-1685 -- Poetry.",7
"A36704",12702896,"65973","Wing D2389; ESTC R4152","Free","Dryden, John, 1631-1700.; Shakespeare, William, 1564-1616. Troilus and Cressida.","1679","Troilus and Cressida, or, Truth found too late a tragedy, as it is acted at the Dukes Theatre : to which is prefix'd, a preface containing the grounds of criticism in tragedy / written by John Dryden ...","",95
"A36707",12265205,"58021","Wing D2392; ESTC R1683","Free","Dryden, John, 1631-1700.; Lee, Nathaniel, 1653?-1692. Constantine the Great.","1684","A true coppy of the Epilogue to Constantine the Great that which was first published being false printed and surreptitious / written by Mr. Dryden.; Epilogue to Constantine the Great","Constantine -- I, -- Emperor of Rome, d. 337 -- Poetry.; Prologues and epilogues.; Broadsides -- England -- London -- 17th century",1
"A36708",12702859,"65970","Wing D2393; ESTC R4038","Free","Dryden, John, 1631-1700.","1670","Tyrannick love, or, The royal martyr a tragedy, as it is acted by His Majesties servants, at the Theatre Royal / by John Dryden ...","",77
"A36713",11955254,"51495","Wing D2399; ESTC R31381","Free","Dryden, John, 1631-1700.","1669","The wild gallant a comedy : as it was acted at the Theater-Royal by His Majesties servants / written by John Dryden, esq.","",82
"A36717",12702853,"65969","Wing D2403; ESTC R3993","Free","Dryden, John, 1631-1700.; Congreve, William, 1670-1729.; Dryden, John, 1631-1700.","1696","The husband his own cuckold a comedy, as it is acted at the Theater in Little Lincolns-Inn-Fields, by His Majesty's servants / written by Mr. John Dryden ...","",69
"A36766",12112190,"54218","Wing D2458; ESTC R18532","Free","Dufresnoy, Charles-Alphonse, 1611-1668.; Dryden, John, 1631-1700.; Graham, Richard, fl. 1680-1720. Short account of the most eminent painters.","1695","De arte graphica The art of painting / by C.A. Du Fresnoy ; with remarks ; translated into English, together with an original preface containing a parallel betwixt painting and poetry, by Mr. Dryden ; as also A short account of the most eminent painters, both ancient and modern, continu'd down to the present times, according to the order of their succession, by another hand.; De arte graphica. English","Painting -- Early works to 1800.; Painters -- Early works to 1800.",426
"A36954",17018396,"105800","Wing D2698","Free","Purcell, Henry, 1659-1695.; D'Urfey, Thomas, 1653-1723.; Dryden, John, 1631-1700. Tyrannick love, or, The royal martyr.","1700","A song sung by Mrs. Aliff in the play call'd Tyrannick love, or, The royal martyre set by Mr. Henry Purceell [sic]","Songs, English.",1
"A38517",12497945,"62577","Wing E3166; ESTC R226867","Free","Dryden, John, 1631-1700.","1688","An Epistle to Mr. Dryden","Dryden, John, 1631-1700 -- In literature.; Broadsides -- England -- 17th century.",1
"A38528",12498240,"62584","Wing E3181; ESTC R2103","Free","Dryden, John, 1631-1700.","1683","An Epode to his worthy friend, Mr. John Dryden to advise him not to answer two malicious pamphlets against his tragedy called, The Duke of Guise.","Dryden, John, 1631-1700. -- Duke of Guise.; Broadsides -- England -- 17th century.",4
"A38641",11834536,"49752","Wing E3299; ESTC R13552","Free","Buckingham, John Sheffield, Duke of, 1648-1720 or 21.; Dryden, John, 1631-1700.","1680","An essay upon satyr, or, A poem on the times under the names of the golden age, the silver age, the brazen age, and the iron age : to which is added, A satyr against Separatists.","Satire.",92
"A38694",18181108,"106920","Wing E3374; ESTC R38861","Free","Etherege, George, Sir, 1635?-1691.; Dryden, John, 1631-1700.","1676","The man of mode, or, Sr. Fopling Flutter a comedy : acted at the Duke's Theatre / by George Etherege ...","",106
"A39808",11132549,"46368","Wing F1349; ESTC R226220","Free","Fletcher, John, 1579-1625.; Dryden, John, 1631-1700.; Vanbrugh, John, Sir, 1664-1726.","1700","The pilgrim a comedy as it is acted at the Theatre-Royal in Drury-Lane / written originally by Mr. Fletcher and now very much alter'd with several additions ; likewise a prologue, epilogue, dialogue and masque written by the late great poet Mr. Dryden just before his death, being the last of his works.","",63
"A42746",12336272,"59793","Wing G732; ESTC R14504","Free","Gildon, Charles, 1665-1724.; Moyle, Walter, 1672-1721.; Dryden, John, 1631-1700.","1694","Miscellaneous letters and essays on several subjects philosophical, moral, historical, critical, amorous, &c., in prose and verse : directed to John Dryden, Esq., the Honourable Geo. Granvill, Esq., Walter Moile, Esq., Mr. Dennis, Mr. Congreve, and other eminent men of th' age / by several gentlemen and ladies.","English letters -- 17th century.; English essays -- Early modern, 1500-1700.",250
"A44646",11889899,"50420","Wing H2993; ESTC R4733","Free","Howard, Robert, Sir, 1626-1698.; Dryden, John, 1631-1700. Of dramatick poesie.","1692","Five new plays ... as they were acted by His Majesty's servants at the Theatre-Royal / written by the Honourable Sir Robert Howard.; Plays","",264
"A44657",11298444,"47341","Wing H3004; ESTC R30342","Free","Howard, Robert, Sir, 1626-1698.; Virgil. Aeneis. Liber 6. English.; Statius, P. Papinius (Publius Papinius). Achilleis. English.; Dryden, John, 1631-1700.","1696","Poems on several occasions written by the Honoura ble Sir Robert Howard.","",320
"A45651",12315731,"59394","Wing H865; ESTC R4488","Free","Harris, Joseph, ca. 1650-ca. 1715.; Mountfort, William, 1664?-1692.; Dryden, John, 1631-1700.; Tate, Nahum, 1652-1715.","1691","The mistakes, or, The false report a tragi-comedy, acted by their Majesties servants / written by Mr. Jos. Harris ; the prologue written by Mr. Dryden ; the epilogue by Mr. Tate.","",88
"A46422",12743088,"93159","Wing J1278; ESTC R22431","Free","Juvenal.; Dryden, John, 1631-1700.; Behn, Aphra, 1640-1689.; Settle, Elkanah, 1648-1724.; Higden, Henry.","1687","A modern essay on the tenth satyr of Juvenal by Henry Higden, Esquire.; Satura 10. English & Latin","",86
"A46424",99830139,"34589","Wing J1278B; ESTC R218557","Free","Higden, Henry.; Dryden, John, 1631-1700.; Behn, Aphra, 1640-1689.; Settle, Elkanah, 1648-1724.; Juvenal. Satira 10. English and Latin.","1687","A modern essay on the tenth satyr of Juvenal. By Henry Higden, Esquire. Licensed June 2d. 1686. Ro. L'Estrange","Juvenal. -- Satira 10 -- Criticism, interpretation, etc. -- Early works to 1800.",84
"A46439",12538247,"62894","Wing J1288; ESTC R12345","Free","Juvenal.; Persius. Works. English.; Dryden, John, 1631-1700.","1693","The satires of Decimus Junius Juvenalis translated into English verse by Mr. Dryden and several other eminent hands ; together with the satires of Aulus Persius Flaccus, made English by Mr. Dryden ; with explanatory notes at the end of each satire ; to which is prefix'd a discourse concerning the original and progress of satire ... by Mr. Dryden.; Works. English. 1693","Satire, Latin -- Translations into English.; Satire, English -- Translations from Latin.",482
"A47363",12320864,"59477","Wing K442; ESTC R6393","Free","Killigrew, Anne, 1660-1685.; Dryden, John, 1631-1700. To the pious memory of the accomplisht young lady Mrs. Anne Killigrew.","1686","Poems by Mrs. Anne Killigrew.","",122
"A48362",13111092,"97628","Wing L1941; ESTC R9204","Free","Dryden, John, 1631-1700.; Leyburn, John, 1620-1702.","1686","A reply to the Answer made upon the three royal papers","Charles -- II, -- King of England, 1630-1685. -- Copies of two papers.; York, Anne Hyde, -- Duchess of, 1637-1671.; Stillingfleet, Edward, 1635-1699. -- Answer to some papers lately printed.",64
"A49437",10762997,"45711","Wing L3450; ESTC R28801","Free","Lucretius Carus, Titus.; Manilius, Marcus. Five books of M. Manilius.; Creech, Thomas, 1659-1700.; Dryden, John, 1631-1700.","1700","Lucretius his six books of epicurean philosophy and Manilius his five books containing a system of the ancient astronomy and astrology together with The philosophy of the Stoicks / both translated into English verse with notes by Mr. Tho. Creech; To which is added the several parts of Lucretius, English'd by Mr. Dryden.","Philosophy, Ancient.; Astronomy -- Early works to 1800.; Astrology -- Early works to 1800.",715
"A49922",13568101,"100344","Wing L846; ESTC R10791","Free","Lee, Nathaniel, 1653?-1692.; Dryden, John, 1631-1700.","1680","Cæsar Borgia, son of Pope Alexander the sixth a tragedy acted at the Duke's Theatre by their Royal Highnesses servants / written by Nat. Lee.","Borgia, Cesare, 1476?-1507 -- Drama.",77
"A49924",13586044,"100540","Wing L848; ESTC R13165","Free","Lee, Nathaniel, 1653?-1692.; Dryden, John, 1631-1700.","1684","Constantine the great, a tragedy acted at the Theatre-Royal, by their majesties servants / written by Nat. Lee ...","Constantine -- I, -- Emperor of Rome, d. 337 -- Drama.",72
"A49930",12931312,"95679","Wing L854; ESTC R12239","Free","Lee, Nathaniel, 1653?-1692.; Dryden, John, 1631-1700.","1678","Mithridates, King of Pontus a tragedy : acted at the Theatre Royal by Their Majestie's servants / written by Nat. Lee.","Mithridates -- VI Eupator, -- King of Pontus, ca. 132-63 B.C. -- Drama.",90
"A49935",13586253,"100544","Wing L865; ESTC R13215","Free","Lee, Nathaniel, 1653?-1692.; Dryden, John, 1631-1700.; La Calprenède, Gaultier de Coste, seigneur de, d. 1663. Cassandre. English.","1677","The rival queens, or, The death of Alexander the Great acted at the Theater-Royal by their majesties servants / by Nat. Lee ...; Cassandra","Alexander, -- the Great, 356-323 B.C. -- Drama.",82
"A51475",8998861,"42159","Wing M292; ESTC R25491","Free","Maimbourg, Louis, 1610-1686.; Dryden, John, 1631-1700.","1684","The history of the League written in French by Monsieur Maimbourg ; translated into English by His Majesty's command by Mr. Dryden.","Sainte Ligue (1576-1593); France -- History -- Wars of the Huguenots, 1562-1598.",916
"A52150",12367292,"60440","Wing M890; ESTC R94","Free","Dryden, John, 1631-1700.","1673","S'too him, Bayes, or, Some observations upon the humour of writing Rehearsals transpros'd","Marvell, Andrew, 1621-1678. -- Rehearsal transpros'd.",144
"A53606",12087338,"53770","Wing O659; ESTC R6089","Free","Ovid, 43 B.C.-17 or 18 A.D.; Dryden, John, 1631-1700.","1680","Ovid's epistles translated by several hands.; Heroides. English","",296
"A55194",11244647,"47090","Wing P2635; ESTC R30108","Free","Plutarch.; Dryden, John, 1631-1700.","1683","Plutarch's Lives. Their first volume translated from the Greek by several hands ; to which is prefixt The life of Plutarch.; Lives. English. Dryden","Greece -- Biography -- Early works to 1800.; Rome -- Biography -- Early works to 1800.",830
"A57628",13229254,"98595","Wing R1930; ESTC R7257","Free","Roscommon, Wentworth Dillon, Earl of, 1633?-1685.; Dryden, John, 1631-1700.","1684","An essay on translated verse by the Earl of Roscomon.","Poetry -- History and criticism.",40
"A59328",12086068,"53751","Wing S2702; ESTC R5544","Free","Settle, Elkanah, 1648-1724.; Dryden, John, 1631-1700.","1674","Notes and observations on the Empress of Morocco revised with some few errata's to be printed instead of the postscript, with the next edition of the Conquest of Granada.","Dryden, John, 1631-1700. -- Notes and observations on the Empress of Morocco.",102
"A59460",12425836,"61846","Wing S2881; ESTC R11617","Free","Shadwell, Thomas, 1642?-1692.; Dryden, John, 1631-1700.","1679","A true widow a comedy acted by the Duke's servants / written by Tho. Shadwell.","",90
"A59520",12435428,"62017","Wing S2944; ESTC R17310","Free","Dryden, John, 1631-1700.; Shakespeare, William, 1564-1616. Tempest.; D'Avenant, William, Sir, 1606-1668.","1670","The tempest, or, The enchanted island a comedy, as it is now acted at His Highness the Duke of York's Theatre.","",92
"A59611",9959542,"44396","Wing S305; ESTC R27566","Free","Saint-Evremond, 1613-1703.; Dryden, John, 1631-1700.","1692","Miscellaneous essays by Monsieur St. Euremont ; translated out of French. With a character / by a person of honour here in England ; continued by Mr. Dryden.","",393
"A60724",12439957,"62079","Wing S4419; ESTC R18811","Free","Dryden, John, 1631-1700. Duke of Guise.","1683","Sol in opposition to Saturn, or, A a [sic] short return to a late tragedy call'd The Duke of Guise","Monmouth, James Scott, -- Duke of, 1649-1685 -- Poetry.; Broadsides -- England -- 17th century.",2
"A60961",11911618,"50840","Wing S4758; ESTC R12267","Free","Southerne, Thomas, 1660-1746.; Dryden, John, 1631-1700.","1682","The loyal brother, or, The Persian prince a tragedy, as it is acted at the Theatre Royal by Their Majesties servants / by Thomas Southern.","",69
"A60971",10445565,"45042","Wing S4769; ESTC R28172","Free","Southerne, Thomas, 1660-1746.; Dryden, John, 1631-1700.","1692","The wives excuse, or, Cuckolds make themselves a comedy, as it is acted at the Theatre-Royal by Their Majesties servants / written by Tho. Southern.","",66
"A61466",11926353,"51036","Wing S5468; ESTC R15801","Free","Stepney, George, 1663-1707.; Dryden, John, 1631-1700.","1695","A poem dedicated to the blessed memory of her late gracious Majesty Queen Mary by Mr. Stepney.","Mary -- II, -- Queen of England, 1662-1694 -- Poetry.",11
"A62223",13036125,"96818","Wing S741; ESTC R17093","Free","Saunders, C. (Charles), fl. 1681.; Dryden, John, 1631-1700.; Banks, John, d. 1706.","1681","Tamerlane the Great a tragedy : as it is acted by Their Majesties servants at the Theatre Royal / by C. Saunders, Gent.","Timur, 1336-1405 -- Drama.",72
"A62424",11860054,"50009","Wing T101; ESTC R17150","Free","Tacitus, Cornelius.; Lipsius, Justus, 1547-1606.; Dryden, John, 1631-1700.; Bromley, William, 1664-1732.; Potenger, John, 1647-1733.","1698","The annals and history of Cornelius Tacitus his account of the antient Germans, and the life of Agricola / made English by several hands ; with the political reflecions and historical notes of Monsieur Amelot De La Houffay and the learned Sir Henry Savile.; Works. 1698","Germanic peoples -- History -- Early works to 1800.",529
"A62967",12734950,"92991","Wing T193; ESTC R20668","Free","Tate, Nahum, 1652-1715.; Dryden, John, 1631-1700.","1680","The loyal general a tragedy : acted at the Duke's Theatre / written by N. Tate.","",74
"A63973",12295913,"59029","Wing T3384; ESTC R236356","Free","Tutchin, John, 1661?-1707.; Dryden, John, 1631-1700.","1691","The tribe of Levi a poem.","",24
"A65112",9418271,"43031","Wing V616; ESTC R26296","Free","Virgil.; Virgil. Bucolica.; Virgil. Georgica.; Virgil. Aeneis.; Dryden, John, 1631-1700.","1697","The works of Virgil containing his Pastorals, Georgics and Aeneis : adorn'd with a hundred sculptures / translated into English verse by Mr. Dryden.","Virgil.",914
"A65151",14576578,"102651","Wing V682; ESTC R34733","Free","Voiture, Monsieur de (Vincent), 1597-1648.; Brown, Thomas, 1663-1704.; Dryden, John, 1631-1700.; Congreve, William, 1670-1729.; Wycherley, William, 1640-1716.","1700","Familiar and courtly letters written by Monsieur Voiture to persons of the greatest honour, wit, and quality of both sexes in the court of France ; made English by Mr. Dryden, Tho. Cheek, Esq., Mr. Dennis, Henry Cromwel, Esq., Jos. Raphson, Esq., Dr. -, &c. ; with twelve select epistles out of Aristanetus, translated from the Greek ; some select letters of Pliny, Jun and Monsieur Fontanelle, translated by Mr. Tho. Brown ; and a collection of original letters lately written on several subjects, by Mr. T. Brown ; to which is added a collection of letters of friendship, and other occasional letters, written by Mr. Dryden, Mr. Wycherly, Mr. -, Mr. Congreve, Mr. Dennis, and other hands.","Letters.; Erotic literature.",438
"A67351",12929335,"95613","Wing W526; ESTC R11197","Free","Waller, Edmund, 1606-1687.; Dryden, John, 1631-1700. Poem upon the death of his late Highness Oliver, Lord Protector of England, Scotland, and Ireland.; Sprat, Thomas, 1635-1713. To the happie memory of the most renowned Prince Oliver, Lord Protector.","1659","Three poems upon the death of His late Highnesse Oliver lord protector of England, Scotland, and Ireland written by Mr Edm. Waller, Mr Jo. Dryden, Mr Sprat of Oxford.; Upon the late storme and of the death of His Highnesse ensuing the same","Cromwell, Oliver, 1599-1658 -- Poetry.",38
"A67449",13314820,"99018","Wing W645; ESTC R13108","Free","Walsh, William, 1663-1708.; Dryden, John, 1631-1700.","1691","A dialogue concerning women, being a defence of the sex written to Eugenia.","Women -- Early works to 1800.",144
"A69727",11699908,"48257","Wing C3666; ESTC R13338","Free","Charleton, Walter, 1619-1707.; Howard, Robert, Sir, 1626-1698.; Dryden, John, 1631-1700.","1663","Chorea gigantum, or, The most famous antiquity of Great-Britan [sic], vulgarly called Stone-Heng, standing on Salisbury Plain, restored to the Danes by Walter Charleton ...","Jones, Inigo, 1573-1652. -- Most notable antiquity of Great Britain.; Stonehenge (England)",82
"A69867",12340966,"59884","Wing D2234; Wing D2366; ESTC R16963","Free","Dryden, John, 1631-1700.; Plautus, Titus Maccius. Amphitruo.; Molière, 1622-1673. Amphitryon.; Purcell, Henry, 1659-1695. Amphitryon.","1690","Amphitryon, or, The two Socia's a comedy : as it is acted at the Theatre Royal / written by Mr. Dryden ; to which is added the musick of the songs, compos'd by Mr. Henry Purcel.","",83
"A69868",12340665,"59875","Wing D2262; ESTC R16736","Free","Dryden, John, 1631-1700.","1690","Don Sebastian, King of Portugal a tragedy, acted at the Theatre Royal / written by Mr. Dryden.","Sebastião, -- King of Portugal, 1554-1578 -- Drama.",150
"A69870",12037596,"52911","Wing D2333; ESTC R11076","Free","Dryden, John, 1631-1700.; Lee, Nathaniel, 1653?-1692.","1682","A prologue spoken at Mithridates King of Pontus, the first play acted at the Theatre royal this year, 1681","Mithridates -- VI Eupator, -- King of Pontus, ca. 132-63 B.C. -- Drama.; Broadsides",4
"A70758",12265183,"58018","Wing O557; ESTC R1636","Free","Otway, Thomas, 1652-1685.; Lee, Nathaniel, 1653?-1692. Constantine the Great.; Dryden, John, 1631-1700.","1683","The prologue and epilogue to the last new play, Constantine the Great","Constantine -- I, -- Emperor of Rome, d. 337 -- Poetry.; Prologues and epilogues.; Broadsides -- England -- London -- 17th century.",2
"A80112",45578270,"172211","Wing C5176A; ESTC R202112","Free","Marvell, Andrew, 1621-1678.; Dryden, John, 1631-1700.; Sprat, Thomas, 1635-1713.; Waller, Edmund, 1606-1687.","1689","A Collection of poems on affairs of state; viz. ... / by A- M-l, Esq.; and other eminent wits. ; Most whereof never before printed.","Political poetry, English.; Political satire, English.; Great Britain -- History -- Restoration, 1660-1688 -- Poetry.",36
"A81763",99897334,"135049","Wing D2244; Thomason E1080_6; ESTC R26913","Free","Dryden, John, 1631-1700.","1660","Astræa redux A poem on the happy restoration & return of His sacred Majesty Charles the Second. By John Driden.","Charles -- II, -- King of England, 1630-1685 -- Poetry -- Early works to 1800.",14
"A81771",99899970,"135053","Wing D2335; ESTC R29818","Free","Dryden, John, 1631-1700.","1682","Prologue to His Royal Highness, upon his first appearance at the Duke's Theatre since his return from Scotland. Written by Mr. Dryden. Spoken by Mr. Smith","James -- II, -- King of England, 1633-1701 -- Poetry -- Early works to 1800.; Broadsides -- England",1
"A81776",99866909,"169349","Wing D2386; Thomason E1080_22; ESTC R207888","Free","Dryden, John, 1631-1700.","1661","To his sacred maiesty [sic], a panegyrick on his coronation. By John Dryden.","Charles -- II, -- King of England, 1630-1685 -- Coronation -- Poetry -- Early works to 1800.",9
"A84661",99896692,"135343","Wing F1412C; ESTC R202364","Free","Fontenelle, M. de (Bernard Le Bovier), 1657-1757.; Dryden, John, 1631-1700, attibuted name.; Davies, John, 1625-1693, attributed name.","1693","The French Lucian made English; By J.D. Esq; Nouveaux dialogues des morts. Part 1. English.","",157
"A86610",99862475,"114635","Wing H3003; Thomason E1824_2; ESTC R202055","Free","Howard, Robert, Sir, 1626-1698.; Virgil.; Statius, P. Papinius (Publius Papinius); Dryden, John, 1631-1700.","1660","Poems, viz. 1. A panegyrick to the king. 2. Songs and sonnets. 3. The blind lady, a comedy. 4. The fourth book of Virgil, 5. Statius his Achilleis, with annotations. 6. A panegyrick to Generall Monck. / By the Honorable Sr Robert Howard.","",320
"A91719",99895739,"153287","Wing R1207; ESTC R229936","Free","Dryden, John, 1631-1700. Hind and panther. Selections.; Dryden, John, 1631-1700. Religio laici. Selections.","1687","The revoltex [sic]. A trage-comedy acted between the Hind and panther, and Religio laici, &c.; Revolter","Dryden, John, 1631-1700 -- Early works to 1800.",40
"B02789",53981507,"180206","Wing D2339A; ESTC R175989","Free","Dryden, John, 1631-1700.","1683","Prologue to the King and Queen at the opening of their theatre. Spoken by Mr. Batterton ; written by Mr. Dryden.","English poetry -- Early modern, 1500-1700.; Broadsides -- England -- 17th century.",1
"N16715",NA,"","Evans 21495","Free","Thomson, James, 1700-1748.; Pope, Alexander, 1688-1744.; Dryden, John, 1631-1700.; Thomson, James, 1700-1748. Britannia.","1788","The seasons. In four books. : With Britannia. / By James Thomson. ; To which are added the following pieces, I. Ode on St. Cecilia's Day, by Mr. Pope. II. Alexander's Feast, or The power of musick, by Mr. Dryden. III. Ode on solitude, by Mr. Pope. IV. The dying Christian to his soul, an ode, by the same. V. The universal prayer, by the same. VI. Elegy, to the memory of an unfortunate lady, by the same. VII. Veni creator spiritus, translated in paraphrase, by Mr. Dryden. ; To which is prefixed, the life and literary character of Mr. Thomson. ; Illustrated with a new set of designs.","Thomson, James, 1700-1748.; Poems -- 1788.; Anthologies.; Prayers.",230
"N36357",NA,"","Shipton 47526","Free","Ovid, 43 B.C.-17 or 18 A.D.; Preston, William, 1753-1807.; Scrope, Carr, Sir, 1649-1680.; Tate, Nahum, 1652-1715.; Tristan L'Hermite, François, 1601-1655.; Burlington, Richard Boyle, Earl of, 1694-1753, dedicatee.; Dryden, John, 1631-1700, tr.; Preston, William, 1753-1807, tr.; Tate, Nahum, 1652-1715, tr.; Armstrong, John, 1709-1779. Oeconomy of love.; Chaucer, Geoffrey, d. 1400. Court of love.; Hopkins, Charles, 1664?-1700. History of love.; Ovid, 43 B.C.-17 or 18 A.D. Remedia amoris. English.","1795","Ovid's Art of love; in three books: : together with his Remedy of love: / translated into English verse, by several eminent hands: ; to which are added, The court of love, The history of love, and Armstrong's Oeconomy of love.; Ars amatoria. English","Latin literature.; Love poetry.; Anthologies.; Poems -- 1795.",215
